expense_id,delivery_id,expense_type,expense_date,amount
FUEL00000069,DLV00081047,Fuel,2024-11-06,391.19
FUEL00000624,DLV00081447,Fuel,2024-11-12,221.27
FUEL00000680,DLV00083638,Fuel,2024-12-08,401.9
FUEL00000835,DLV00082208,Fuel,2024-11-20,600.19
FUEL00000845,DLV00083959,Fuel,2024-12-14,371.81
FUEL00000948,DLV00084407,Fuel,2024-12-18,434.22
FUEL00002186,DLV00082614,Fuel,2024-11-25,599.21
FUEL00002324,DLV00082043,Fuel,2024-11-17,620.09
FUEL00002352,DLV00081848,Fuel,2024-11-16,512.08
FUEL00002492,DLV00081040,Fuel,2024-11-07,649.8
FUEL00002673,DLV00081699,Fuel,2024-11-14,439.36
FUEL00003416,DLV00083616,Fuel,2024-12-09,551.88
FUEL00003518,DLV00082070,Fuel,2024-11-20,674.91
FUEL00004020,DLV00081323,Fuel,2024-11-10,664.21
FUEL00004525,DLV00083368,Fuel,2024-12-05,376.26
FUEL00004906,DLV00084407,Fuel,2024-12-19,476.12
FUEL00004975,DLV00083272,Fuel,2024-12-04,686.09
FUEL00005356,DLV00083829,Fuel,2024-12-10,487.69
FUEL00005822,DLV00082578,Fuel,2024-11-25,614.58
FUEL00005918,DLV00083793,Fuel,2024-12-12,272.41
FUEL00006610,DLV00081393,Fuel,2024-11-10,460.64
FUEL00006615,DLV00082934,Fuel,2024-11-30,467.67
FUEL00006853,DLV00081126,Fuel,2024-11-06,344.44
FUEL00007196,DLV00081001,Fuel,2024-11-05,393.02
FUEL00007365,DLV00084766,Fuel,2024-12-23,791.44
FUEL00007548,DLV00083638,Fuel,2024-12-09,363.22
FUEL00007593,DLV00082476,Fuel,2024-11-25,721.54
FUEL00007674,DLV00083869,Fuel,2024-12-12,563.31
FUEL00007879,DLV00084849,Fuel,2024-12-25,414.73
FUEL00007981,DLV00081394,Fuel,2024-11-11,595.16
FUEL00008776,DLV00081483,Fuel,2024-11-10,235.85
FUEL00008813,DLV00083040,Fuel,2024-12-02,176.53
FUEL00008971,DLV00083208,Fuel,2024-12-04,484.79
FUEL00009088,DLV00080766,Fuel,2024-11-03,341.29
FUEL00009232,DLV00083959,Fuel,2024-12-12,166.14
FUEL00009589,DLV00081576,Fuel,2024-11-12,441.39
FUEL00009685,DLV00082386,Fuel,2024-11-22,659.36
FUEL00009942,DLV00081000,Fuel,2024-11-04,756.15
FUEL00010196,DLV00085309,Fuel,2024-12-30,558.81
FUEL00010226,DLV00083666,Fuel,2024-12-08,485.88
FUEL00010294,DLV00085273,Fuel,2024-12-30,392.36
FUEL00010407,DLV00081735,Fuel,2024-11-14,245.51
FUEL00010751,DLV00082012,Fuel,2024-11-17,673.41
FUEL00011129,DLV00085293,Fuel,2024-12-31,371.19
FUEL00011309,DLV00080750,Fuel,2024-11-02,710.94
FUEL00011648,DLV00081086,Fuel,2024-11-05,208.5
FUEL00011893,DLV00083638,Fuel,2024-12-10,305.93
FUEL00013433,DLV00084892,Fuel,2024-12-25,328.4
FUEL00013714,DLV00082526,Fuel,2024-11-25,526.79
FUEL00014331,DLV00082916,Fuel,2024-12-01,613.73
FUEL00014508,DLV00081045,Fuel,2024-11-07,609.57
FUEL00014644,DLV00084841,Fuel,2024-12-25,260.79
FUEL00014791,DLV00083666,Fuel,2024-12-08,735.45
FUEL00015081,DLV00081566,Fuel,2024-11-11,452.75
FUEL00015255,DLV00083404,Fuel,2024-12-06,299.95
FUEL00016183,DLV00081000,Fuel,2024-11-04,240.24
FUEL00016724,DLV00081834,Fuel,2024-11-16,728.6
FUEL00017153,DLV00083215,Fuel,2024-12-03,538.86
FUEL00017208,DLV00081091,Fuel,2024-11-06,257.58
FUEL00017554,DLV00083272,Fuel,2024-12-03,285.52
FUEL00018118,DLV00085108,Fuel,2024-12-29,358.68
FUEL00018847,DLV00081699,Fuel,2024-11-13,341.64
FUEL00019048,DLV00083329,Fuel,2024-12-06,505.28
FUEL00019537,DLV00081462,Fuel,2024-11-11,763.03
FUEL00019798,DLV00083894,Fuel,2024-12-13,271.97
FUEL00020092,DLV00081126,Fuel,2024-11-08,585.03
FUEL00020301,DLV00081447,Fuel,2024-11-11,224.92
FUEL00020474,DLV00083748,Fuel,2024-12-11,578.37
FUEL00020593,DLV00085283,Fuel,2024-12-30,462.26
FUEL00020715,DLV00084801,Fuel,2024-12-23,293.97
FUEL00020932,DLV00081118,Fuel,2024-11-06,367.3
FUEL00020960,DLV00081348,Fuel,2024-11-09,716.83
FUEL00021135,DLV00084714,Fuel,2024-12-23,446.46
FUEL00021255,DLV00082211,Fuel,2024-11-21,515.2
FUEL00021856,DLV00084282,Fuel,2024-12-18,529.87
FUEL00021999,DLV00083816,Fuel,2024-12-10,263.76
FUEL00022131,DLV00080728,Fuel,2024-11-02,644.7
FUEL00022242,DLV00082100,Fuel,2024-11-20,511.87
FUEL00022439,DLV00085291,Fuel,2024-12-30,645.64
FUEL00023100,DLV00084801,Fuel,2024-12-23,537.55
FUEL00023301,DLV00081381,Fuel,2024-11-11,237.37
FUEL00023723,DLV00081040,Fuel,2024-11-06,731.34
FUEL00024050,DLV00083317,Fuel,2024-12-04,200.43
FUEL00024096,DLV00081491,Fuel,2024-11-13,420.47
FUEL00024430,DLV00082160,Fuel,2024-11-21,709.06
FUEL00024477,DLV00081603,Fuel,2024-11-13,467.26
FUEL00024499,DLV00083958,Fuel,2024-12-13,605.52
FUEL00024820,DLV00081040,Fuel,2024-11-05,346.35
FUEL00024942,DLV00080939,Fuel,2024-11-05,680.61
FUEL00026039,DLV00084437,Fuel,2024-12-20,368.83
FUEL00026716,DLV00085309,Fuel,2024-12-30,282.49
FUEL00026918,DLV00082959,Fuel,2024-11-30,736.7
FUEL00027105,DLV00082024,Fuel,2024-11-18,511.69
FUEL00027124,DLV00081126,Fuel,2024-11-06,704.14
FUEL00027625,DLV00082945,Fuel,2024-11-30,347.68
FUEL00028398,DLV00082236,Fuel,2024-11-21,376.66
FUEL00028453,DLV00083051,Fuel,2024-12-02,562.79
FUEL00028582,DLV00082531,Fuel,2024-11-25,426.23
FUEL00029156,DLV00085078,Fuel,2024-12-29,299.28
FUEL00029642,DLV00082166,Fuel,2024-11-21,488.17
FUEL00029834,DLV00080926,Fuel,2024-11-04,242.18
FUEL00029954,DLV00082030,Fuel,2024-11-19,239.08
FUEL00030570,DLV00081323,Fuel,2024-11-10,455.67
FUEL00030614,DLV00083508,Fuel,2024-12-08,728.21
FUEL00031788,DLV00081960,Fuel,2024-11-17,573.92
FUEL00031898,DLV00083683,Fuel,2024-12-09,224.39
FUEL00031915,DLV00084841,Fuel,2024-12-26,391.64
FUEL00032061,DLV00082967,Fuel,2024-11-30,631.76
FUEL00032277,DLV00081104,Fuel,2024-11-08,700.63
FUEL00032324,DLV00082286,Fuel,2024-11-21,756.65
FUEL00032485,DLV00084801,Fuel,2024-12-23,613.25
FUEL00033181,DLV00084627,Fuel,2024-12-23,737.35
FUEL00033656,DLV00084441,Fuel,2024-12-19,291.14
FUEL00033880,DLV00083519,Fuel,2024-12-07,485.53
FUEL00034361,DLV00081789,Fuel,2024-11-14,411.62
FUEL00034969,DLV00082068,Fuel,2024-11-18,545.28
FUEL00035124,DLV00081931,Fuel,2024-11-17,535.92
FUEL00035446,DLV00081646,Fuel,2024-11-13,677.81
FUEL00035606,DLV00082160,Fuel,2024-11-19,620.51
FUEL00036536,DLV00085149,Fuel,2024-12-30,342.53
FUEL00036540,DLV00085028,Fuel,2024-12-29,313.97
FUEL00037140,DLV00084892,Fuel,2024-12-25,642.37
FUEL00037428,DLV00081106,Fuel,2024-11-08,276.82
FUEL00038269,DLV00084764,Fuel,2024-12-26,520.48
FUEL00038308,DLV00081323,Fuel,2024-11-10,350.32
FUEL00038828,DLV00082768,Fuel,2024-11-28,564.12
FUEL00039256,DLV00083903,Fuel,2024-12-13,613.13
FUEL00039301,DLV00081972,Fuel,2024-11-17,699.51
FUEL00039401,DLV00082167,Fuel,2024-11-20,625.63
FUEL00039407,DLV00083829,Fuel,2024-12-10,439.43
FUEL00039582,DLV00085080,Fuel,2024-12-27,448.32
FUEL00040072,DLV00081972,Fuel,2024-11-17,626.84
FUEL00040167,DLV00083259,Fuel,2024-12-03,385.53
FUEL00040441,DLV00084282,Fuel,2024-12-19,207.71
FUEL00040445,DLV00084627,Fuel,2024-12-23,455.99
FUEL00040483,DLV00084506,Fuel,2024-12-21,660.21
FUEL00041387,DLV00081834,Fuel,2024-11-16,718.88
FUEL00041454,DLV00084512,Fuel,2024-12-21,387.33
FUEL00042120,DLV00085108,Fuel,2024-12-30,271.85
FUEL00042377,DLV00081044,Fuel,2024-11-05,231.53
FUEL00042470,DLV00081677,Fuel,2024-11-15,353.76
FUEL00042538,DLV00083793,Fuel,2024-12-12,335.97
FUEL00042628,DLV00082376,Fuel,2024-11-22,198.18
FUEL00043092,DLV00084627,Fuel,2024-12-22,194.53
FUEL00044235,DLV00081219,Fuel,2024-11-08,618.39
FUEL00044304,DLV00083290,Fuel,2024-12-05,445.74
FUEL00044418,DLV00084497,Fuel,2024-12-20,391.47
FUEL00044874,DLV00081741,Fuel,2024-11-14,581.27
FUEL00044982,DLV00084497,Fuel,2024-12-21,281.92
FUEL00045162,DLV00084766,Fuel,2024-12-23,365.68
FUEL00045314,DLV00081387,Fuel,2024-11-09,611.62
FUEL00045430,DLV00085122,Fuel,2024-12-28,284.37
FUEL00045714,DLV00083711,Fuel,2024-12-10,607.39
FUEL00046216,DLV00082497,Fuel,2024-11-25,427.92
FUEL00046314,DLV00084922,Fuel,2024-12-26,366.63
FUEL00046358,DLV00081126,Fuel,2024-11-07,482.22
FUEL00047078,DLV00082220,Fuel,2024-11-21,215.83
FUEL00047381,DLV00083816,Fuel,2024-12-11,264.7
FUEL00047431,DLV00083218,Fuel,2024-12-02,386.43
FUEL00047876,DLV00083869,Fuel,2024-12-11,455.78
FUEL00047950,DLV00083683,Fuel,2024-12-11,612.62
FUEL00048207,DLV00085124,Fuel,2024-12-30,276.77
FUEL00048823,DLV00083808,Fuel,2024-12-10,267.67
FUEL00049070,DLV00084497,Fuel,2024-12-20,548.51
FUEL00049164,DLV00084716,Fuel,2024-12-24,603.24
FUEL00050046,DLV00082563,Fuel,2024-11-26,284
FUEL00050271,DLV00083996,Fuel,2024-12-15,409.58
FUEL00050911,DLV00080904,Fuel,2024-11-03,439.68
FUEL00051154,DLV00082134,Fuel,2024-11-18,280.88
FUEL00051276,DLV00083616,Fuel,2024-12-09,502.03
FUEL00051337,DLV00083505,Fuel,2024-12-07,385.55
FUEL00051378,DLV00082049,Fuel,2024-11-19,382.16
FUEL00051486,DLV00082359,Fuel,2024-11-21,217.32
FUEL00051866,DLV00083903,Fuel,2024-12-11,389.19
FUEL00051987,DLV00082768,Fuel,2024-11-27,338.98
FUEL00052324,DLV00085358,Fuel,2025-01-01,647.74
FUEL00052337,DLV00082543,Fuel,2024-11-24,403.2
FUEL00052410,DLV00082336,Fuel,2024-11-22,583.48
FUEL00052702,DLV00083340,Fuel,2024-12-05,411.77
FUEL00052773,DLV00084437,Fuel,2024-12-20,418.8
FUEL00052778,DLV00080785,Fuel,2024-11-03,448.72
FUEL00052977,DLV00081834,Fuel,2024-11-15,299.9
FUEL00053083,DLV00080728,Fuel,2024-11-01,796.06
FUEL00053122,DLV00084830,Fuel,2024-12-26,207.49
FUEL00053177,DLV00083364,Fuel,2024-12-05,372.27
FUEL00053192,DLV00085358,Fuel,2025-01-02,729.89
FUEL00053298,DLV00081621,Fuel,2024-11-12,644.94
FUEL00053325,DLV00083519,Fuel,2024-12-06,289.06
FUEL00053701,DLV00083022,Fuel,2024-12-01,479.07
FUEL00054717,DLV00085370,Fuel,2025-01-02,395.26
FUEL00055040,DLV00085075,Fuel,2024-12-27,624.81
FUEL00055199,DLV00081381,Fuel,2024-11-09,540.22
FUEL00055381,DLV00084241,Fuel,2024-12-17,328.98
FUEL00056086,DLV00083600,Fuel,2024-12-08,762.96
FUEL00056472,DLV00084134,Fuel,2024-12-15,599.44
FUEL00056775,DLV00082167,Fuel,2024-11-21,522.87
FUEL00057038,DLV00084441,Fuel,2024-12-21,356.95
FUEL00057677,DLV00084305,Fuel,2024-12-18,505.03
FUEL00059229,DLV00081219,Fuel,2024-11-07,634.53
FUEL00059616,DLV00081960,Fuel,2024-11-16,653.8
FUEL00059877,DLV00083259,Fuel,2024-12-05,234.77
FUEL00060090,DLV00084801,Fuel,2024-12-25,234.13
FUEL00060125,DLV00085122,Fuel,2024-12-28,262.91
FUEL00060166,DLV00083748,Fuel,2024-12-12,382.48
FUEL00060680,DLV00084914,Fuel,2024-12-26,377.53
FUEL00060765,DLV00083098,Fuel,2024-12-01,210.38
FUEL00060869,DLV00085267,Fuel,2024-12-31,564.9
FUEL00061504,DLV00081689,Fuel,2024-11-14,579.49
FUEL00061560,DLV00082359,Fuel,2024-11-23,583.36
FUEL00061586,DLV00081651,Fuel,2024-11-14,436.56
FUEL00061645,DLV00081104,Fuel,2024-11-05,613.86
FUEL00061662,DLV00081590,Fuel,2024-11-13,564.71
FUEL00061811,DLV00085267,Fuel,2025-01-01,419.21
FUEL00061914,DLV00081590,Fuel,2024-11-12,329.82
FUEL00062238,DLV00082012,Fuel,2024-11-17,701.63
FUEL00062647,DLV00082792,Fuel,2024-11-27,554.13
FUEL00063137,DLV00085291,Fuel,2024-12-31,287.35
FUEL00063718,DLV00081044,Fuel,2024-11-07,745.21
FUEL00064173,DLV00082220,Fuel,2024-11-19,489.2
FUEL00064189,DLV00082959,Fuel,2024-11-30,381.92
FUEL00064318,DLV00083051,Fuel,2024-12-02,517.09
FUEL00065274,DLV00083290,Fuel,2024-12-04,819.72
FUEL00065997,DLV00084625,Fuel,2024-12-22,603.77
FUEL00066339,DLV00085075,Fuel,2024-12-28,251.5
FUEL00066775,DLV00083393,Fuel,2024-12-05,241.81
FUEL00066921,DLV00083396,Fuel,2024-12-07,480.53
FUEL00066991,DLV00084007,Fuel,2024-12-15,385.34
FUEL00067085,DLV00081874,Fuel,2024-11-17,590.06
FUEL00067219,DLV00085108,Fuel,2024-12-28,209.03
FUEL00067739,DLV00083208,Fuel,2024-12-03,232.13
FUEL00068391,DLV00084801,Fuel,2024-12-24,505.99
FUEL00068417,DLV00081032,Fuel,2024-11-07,507.42
FUEL00069147,DLV00082043,Fuel,2024-11-18,515.49
FUEL00069257,DLV00081832,Fuel,2024-11-16,351.64
FUEL00069365,DLV00085273,Fuel,2024-12-30,705.77
FUEL00069517,DLV00084892,Fuel,2024-12-25,481.47
FUEL00069766,DLV00084282,Fuel,2024-12-18,584.69
FUEL00069948,DLV00082097,Fuel,2024-11-20,588.77
FUEL00070375,DLV00084892,Fuel,2024-12-26,644.62
FUEL00070403,DLV00084145,Fuel,2024-12-17,368.63
FUEL00070552,DLV00081848,Fuel,2024-11-17,240.43
FUEL00071615,DLV00081931,Fuel,2024-11-17,174.46
FUEL00072268,DLV00083368,Fuel,2024-12-06,394.07
FUEL00072309,DLV00081915,Fuel,2024-11-17,543.14
FUEL00072726,DLV00081379,Fuel,2024-11-10,347.76
FUEL00073728,DLV00082376,Fuel,2024-11-22,302.23
FUEL00073811,DLV00084377,Fuel,2024-12-20,636.43
FUEL00073847,DLV00082519,Fuel,2024-11-23,373.73
FUEL00074329,DLV00084627,Fuel,2024-12-23,552.37
FUEL00074889,DLV00081040,Fuel,2024-11-05,636.89
FUEL00074920,DLV00084287,Fuel,2024-12-19,309.49
FUEL00074975,DLV00084407,Fuel,2024-12-20,339.1
FUEL00075051,DLV00082670,Fuel,2024-11-27,426.51
FUEL00075168,DLV00082336,Fuel,2024-11-22,285.87
FUEL00075419,DLV00083987,Fuel,2024-12-12,333.04
FUEL00075468,DLV00082945,Fuel,2024-12-01,200.58
FUEL00075938,DLV00082929,Fuel,2024-11-30,389.44
FUEL00076555,DLV00082068,Fuel,2024-11-19,308.27
FUEL00076634,DLV00082563,Fuel,2024-11-25,617.3
FUEL00077095,DLV00082386,Fuel,2024-11-22,363.06
FUEL00077136,DLV00081000,Fuel,2024-11-05,472.15
FUEL00077318,DLV00084305,Fuel,2024-12-19,450.96
FUEL00077378,DLV00084830,Fuel,2024-12-26,264.23
FUEL00077491,DLV00081764,Fuel,2024-11-14,690.52
FUEL00077868,DLV00082945,Fuel,2024-12-01,278.8
FUEL00078397,DLV00082097,Fuel,2024-11-18,571.89
FUEL00078610,DLV00084145,Fuel,2024-12-16,739.45
FUEL00078681,DLV00083829,Fuel,2024-12-10,628.46
FUEL00078898,DLV00085080,Fuel,2024-12-27,612.31
FUEL00078923,DLV00083879,Fuel,2024-12-12,670.08
FUEL00078941,DLV00083711,Fuel,2024-12-09,350.7
FUEL00079109,DLV00081736,Fuel,2024-11-13,344.58
FUEL00079497,DLV00083353,Fuel,2024-12-06,692.06
FUEL00080053,DLV00082519,Fuel,2024-11-23,556.86
FUEL00080114,DLV00083413,Fuel,2024-12-07,601.16
FUEL00080151,DLV00082012,Fuel,2024-11-17,405
FUEL00080224,DLV00084661,Fuel,2024-12-23,282.99
FUEL00081016,DLV00084305,Fuel,2024-12-18,551.4
FUEL00081027,DLV00085270,Fuel,2024-12-30,308.81
FUEL00081661,DLV00084388,Fuel,2024-12-20,590.03
FUEL00081783,DLV00084070,Fuel,2024-12-14,454.76
FUEL00081936,DLV00083529,Fuel,2024-12-07,418.29
FUEL00082003,DLV00081104,Fuel,2024-11-05,478.18
FUEL00082763,DLV00081651,Fuel,2024-11-12,241.63
FUEL00083122,DLV00084388,Fuel,2024-12-18,758.15
FUEL00083292,DLV00081794,Fuel,2024-11-14,635.17
FUEL00083440,DLV00081688,Fuel,2024-11-13,471.79
FUEL00083512,DLV00082336,Fuel,2024-11-21,257.52
FUEL00083676,DLV00081651,Fuel,2024-11-13,457.43
FUEL00083721,DLV00085075,Fuel,2024-12-29,676.28
FUEL00083739,DLV00083481,Fuel,2024-12-08,434.82
FUEL00083796,DLV00081576,Fuel,2024-11-14,504.07
FUEL00083915,DLV00083987,Fuel,2024-12-13,355.19
FUEL00084167,DLV00084372,Fuel,2024-12-18,186.28
FUEL00084213,DLV00081874,Fuel,2024-11-15,473.63
FUEL00084300,DLV00082166,Fuel,2024-11-20,567.11
FUEL00084489,DLV00085211,Fuel,2024-12-30,218.95
FUEL00084851,DLV00081972,Fuel,2024-11-16,216.23
FUEL00085436,DLV00081764,Fuel,2024-11-16,233.09
FUEL00086765,DLV00083879,Fuel,2024-12-13,464.33
FUEL00087411,DLV00083508,Fuel,2024-12-07,454.21
FUEL00087639,DLV00082166,Fuel,2024-11-19,635.12
FUEL00087704,DLV00083869,Fuel,2024-12-13,370.24
FUEL00087834,DLV00083987,Fuel,2024-12-14,229.5
FUEL00087866,DLV00083022,Fuel,2024-12-01,629.13
FUEL00088721,DLV00081688,Fuel,2024-11-14,404.57
FUEL00088941,DLV00085185,Fuel,2024-12-31,389.33
FUEL00089166,DLV00081195,Fuel,2024-11-07,299.27
FUEL00089438,DLV00083600,Fuel,2024-12-08,207.85
FUEL00089449,DLV00084716,Fuel,2024-12-22,351.32
FUEL00089454,DLV00082670,Fuel,2024-11-26,401.23
FUEL00089650,DLV00083816,Fuel,2024-12-11,227.53
FUEL00089874,DLV00083748,Fuel,2024-12-10,623.84
FUEL00089958,DLV00085358,Fuel,2025-01-01,561.73
FUEL00090464,DLV00082100,Fuel,2024-11-18,703.57
FUEL00090849,DLV00081503,Fuel,2024-11-12,206.78
FUEL00091225,DLV00081688,Fuel,2024-11-15,462.26
FUEL00091569,DLV00082614,Fuel,2024-11-26,787.33
FUEL00091900,DLV00080785,Fuel,2024-11-04,540.83
FUEL00092043,DLV00081428,Fuel,2024-11-10,548.77
FUEL00092140,DLV00084377,Fuel,2024-12-19,716.14
FUEL00092452,DLV00081761,Fuel,2024-11-16,516.25
FUEL00092654,DLV00081848,Fuel,2024-11-17,716.15
FUEL00092676,DLV00080874,Fuel,2024-11-03,645.23
FUEL00093315,DLV00081045,Fuel,2024-11-07,727.99
FUEL00093410,DLV00084282,Fuel,2024-12-17,202.42
FUEL00093528,DLV00081166,Fuel,2024-11-08,515.07
FUEL00093806,DLV00084735,Fuel,2024-12-25,562.64
FUEL00094019,DLV00083022,Fuel,2024-11-30,269.1
FUEL00094160,DLV00081044,Fuel,2024-11-06,687.36
FUEL00094340,DLV00083368,Fuel,2024-12-06,321.75
FUEL00094565,DLV00083329,Fuel,2024-12-06,262.06
FUEL00095510,DLV00084282,Fuel,2024-12-17,307.03
FUEL00095748,DLV00084922,Fuel,2024-12-27,450.67
FUEL00095779,DLV00082777,Fuel,2024-11-28,410.09
FUEL00096263,DLV00084611,Fuel,2024-12-23,255.59
FUEL00096290,DLV00081553,Fuel,2024-11-11,526.3
FUEL00096452,DLV00082043,Fuel,2024-11-17,729.32
FUEL00096599,DLV00083477,Fuel,2024-12-08,225.41
FUEL00096729,DLV00081761,Fuel,2024-11-15,238.56
FUEL00097009,DLV00081735,Fuel,2024-11-15,419.97
FUEL00097216,DLV00081677,Fuel,2024-11-15,251.17
FUEL00097226,DLV00081789,Fuel,2024-11-15,367.85
FUEL00097330,DLV00084849,Fuel,2024-12-26,539.4
FUEL00097612,DLV00081646,Fuel,2024-11-13,806.8
FUEL00097706,DLV00083477,Fuel,2024-12-06,665.33
FUEL00097766,DLV00081326,Fuel,2024-11-09,641.86
FUEL00098440,DLV00081123,Fuel,2024-11-08,478.72
FUEL00098751,DLV00082515,Fuel,2024-11-24,172.91
FUEL00098818,DLV00083320,Fuel,2024-12-06,427.25
FUEL00099874,DLV00081741,Fuel,2024-11-14,524.13
FUEL00099920,DLV00084437,Fuel,2024-12-21,393.46
FUEL00100698,DLV00081356,Fuel,2024-11-10,687.85
FUEL00101608,DLV00081931,Fuel,2024-11-16,341.15
FUEL00102027,DLV00083666,Fuel,2024-12-08,468.35
FUEL00102094,DLV00084631,Fuel,2024-12-21,501.81
FUEL00102245,DLV00083320,Fuel,2024-12-06,384.27
FUEL00102430,DLV00081837,Fuel,2024-11-17,496.75
FUEL00102710,DLV00082987,Fuel,2024-12-02,662.46
FUEL00102959,DLV00082049,Fuel,2024-11-19,393.9
FUEL00103230,DLV00082829,Fuel,2024-11-29,312.99
FUEL00103699,DLV00081915,Fuel,2024-11-15,390.02
FUEL00104354,DLV00084134,Fuel,2024-12-15,354.48
FUEL00104371,DLV00082959,Fuel,2024-11-29,671.01
FUEL00105072,DLV00083703,Fuel,2024-12-10,330.85
FUEL00105439,DLV00081104,Fuel,2024-11-05,621.32
FUEL00105494,DLV00085185,Fuel,2024-12-31,506.6
FUEL00105531,DLV00083894,Fuel,2024-12-11,670.57
FUEL00106168,DLV00082140,Fuel,2024-11-18,445
FUEL00106335,DLV00084627,Fuel,2024-12-21,565.61
FUEL00106984,DLV00084764,Fuel,2024-12-25,554.75
FUEL00107029,DLV00083808,Fuel,2024-12-10,597.59
FUEL00107645,DLV00080864,Fuel,2024-11-03,443.54
FUEL00108077,DLV00084926,Fuel,2024-12-27,619.85
FUEL00108230,DLV00085080,Fuel,2024-12-29,241.51
FUEL00108282,DLV00081832,Fuel,2024-11-15,371.9
FUEL00108289,DLV00083208,Fuel,2024-12-03,326.96
FUEL00108316,DLV00082070,Fuel,2024-11-18,604.4
FUEL00108980,DLV00081082,Fuel,2024-11-05,219.89
FUEL00109123,DLV00083959,Fuel,2024-12-14,377.22
FUEL00109207,DLV00083721,Fuel,2024-12-10,406.8
FUEL00109815,DLV00085188,Fuel,2024-12-29,764.2
FUEL00109823,DLV00085185,Fuel,2024-12-30,207.39
FUEL00110256,DLV00083812,Fuel,2024-12-11,614.35
FUEL00110381,DLV00084322,Fuel,2024-12-17,430.62
FUEL00110491,DLV00083903,Fuel,2024-12-12,236.55
FUEL00110686,DLV00082863,Fuel,2024-11-30,598.78
FUEL00110948,DLV00085122,Fuel,2024-12-30,271.75
FUEL00111032,DLV00081387,Fuel,2024-11-11,568.38
FUEL00111137,DLV00080957,Fuel,2024-11-04,576.83
FUEL00112115,DLV00082160,Fuel,2024-11-20,322.85
FUEL00112346,DLV00081000,Fuel,2024-11-04,187.48
FUEL00112858,DLV00082097,Fuel,2024-11-18,409.13
FUEL00113047,DLV00081794,Fuel,2024-11-16,551.44
FUEL00113470,DLV00084201,Fuel,2024-12-15,460.95
FUEL00113627,DLV00081000,Fuel,2024-11-05,189.78
FUEL00114077,DLV00082231,Fuel,2024-11-21,217.25
FUEL00114618,DLV00080704,Fuel,2024-11-02,244.34
FUEL00114640,DLV00083903,Fuel,2024-12-13,507.1
FUEL00114887,DLV00081001,Fuel,2024-11-06,434.26
FUEL00114956,DLV00084591,Fuel,2024-12-23,169.67
FUEL00116740,DLV00085309,Fuel,2024-12-30,290.12
FUEL00117152,DLV00081736,Fuel,2024-11-13,682.18
FUEL00117837,DLV00081219,Fuel,2024-11-07,640.14
FUEL00117844,DLV00083903,Fuel,2024-12-13,660.26
FUEL00118157,DLV00083404,Fuel,2024-12-05,531.29
FUEL00118816,DLV00083385,Fuel,2024-12-05,313.95
FUEL00119404,DLV00084735,Fuel,2024-12-23,203.5
FUEL00119405,DLV00083477,Fuel,2024-12-08,635.23
FUEL00119734,DLV00083340,Fuel,2024-12-04,352.33
FUEL00119935,DLV00082777,Fuel,2024-11-29,329.21
FUEL00120169,DLV00081764,Fuel,2024-11-15,606.31
FUEL00120527,DLV00084985,Fuel,2024-12-27,599.26
FUEL00121038,DLV00085188,Fuel,2024-12-30,678.09
FUEL00121328,DLV00083393,Fuel,2024-12-07,320.63
FUEL00121474,DLV00084714,Fuel,2024-12-24,285.66
FUEL00122071,DLV00081761,Fuel,2024-11-16,659.06
FUEL00122235,DLV00081688,Fuel,2024-11-15,457.89
FUEL00122397,DLV00082167,Fuel,2024-11-19,336.26
FUEL00122678,DLV00085251,Fuel,2025-01-01,317.9
FUEL00122725,DLV00081323,Fuel,2024-11-10,489.85
FUEL00122734,DLV00083215,Fuel,2024-12-04,422.58
FUEL00123103,DLV00084627,Fuel,2024-12-21,350.59
FUEL00123154,DLV00084934,Fuel,2024-12-27,217.79
FUEL00123252,DLV00084347,Fuel,2024-12-17,631.99
FUEL00123641,DLV00081428,Fuel,2024-11-11,260.23
FUEL00123930,DLV00085251,Fuel,2024-12-30,292.63
FUEL00124071,DLV00081503,Fuel,2024-11-12,334.74
FUEL00124653,DLV00082236,Fuel,2024-11-22,434.46
FUEL00124838,DLV00083051,Fuel,2024-11-30,459.99
FUEL00124976,DLV00082070,Fuel,2024-11-19,305.58
FUEL00125135,DLV00081483,Fuel,2024-11-12,285.61
FUEL00125190,DLV00082336,Fuel,2024-11-22,314.18
FUEL00125267,DLV00083529,Fuel,2024-12-09,210.66
FUEL00125339,DLV00082166,Fuel,2024-11-19,310.92
FUEL00126005,DLV00084591,Fuel,2024-12-23,513.24
FUEL00126676,DLV00085028,Fuel,2024-12-29,586
FUEL00126708,DLV00083368,Fuel,2024-12-05,703.95
FUEL00127260,DLV00082386,Fuel,2024-11-22,450.19
FUEL00127460,DLV00081000,Fuel,2024-11-06,325.43
FUEL00127536,DLV00084287,Fuel,2024-12-17,416.71
FUEL00127575,DLV00081646,Fuel,2024-11-13,211.58
FUEL00127667,DLV00084697,Fuel,2024-12-24,495.02
FUEL00128036,DLV00083638,Fuel,2024-12-09,211.94
FUEL00128146,DLV00082100,Fuel,2024-11-18,256.6
FUEL00128986,DLV00084766,Fuel,2024-12-25,323.3
FUEL00129063,DLV00083505,Fuel,2024-12-06,273.02
FUEL00129232,DLV00082768,Fuel,2024-11-27,382.62
FUEL00129371,DLV00081195,Fuel,2024-11-09,292.33
FUEL00129574,DLV00080957,Fuel,2024-11-04,474.24
FUEL00129720,DLV00085078,Fuel,2024-12-27,322.39
FUEL00130133,DLV00081326,Fuel,2024-11-10,741.6
FUEL00130396,DLV00081915,Fuel,2024-11-16,377.59
FUEL00130577,DLV00083812,Fuel,2024-12-10,337.84
FUEL00131104,DLV00083353,Fuel,2024-12-06,315.91
FUEL00132107,DLV00081677,Fuel,2024-11-15,339.77
FUEL00132273,DLV00081326,Fuel,2024-11-08,169.23
FUEL00132748,DLV00081387,Fuel,2024-11-10,357.86
FUEL00132808,DLV00081458,Fuel,2024-11-12,639.45
FUEL00132970,DLV00084388,Fuel,2024-12-18,524.03
FUEL00133429,DLV00083721,Fuel,2024-12-11,290.14
FUEL00133693,DLV00083711,Fuel,2024-12-09,266.89
FUEL00133842,DLV00085188,Fuel,2024-12-31,352.42
FUEL00134436,DLV00081764,Fuel,2024-11-15,672.99
FUEL00134598,DLV00084497,Fuel,2024-12-21,799.14
FUEL00135128,DLV00083290,Fuel,2024-12-05,272.41
FUEL00135430,DLV00081086,Fuel,2024-11-07,302.74
FUEL00135479,DLV00083505,Fuel,2024-12-08,240.1
FUEL00135924,DLV00081735,Fuel,2024-11-14,659.85
FUEL00135977,DLV00082024,Fuel,2024-11-19,569.79
FUEL00136127,DLV00083092,Fuel,2024-12-03,292.19
FUEL00136286,DLV00081224,Fuel,2024-11-07,682.77
FUEL00136393,DLV00081104,Fuel,2024-11-05,347.69
FUEL00136543,DLV00085078,Fuel,2024-12-28,490.81
FUEL00136855,DLV00081621,Fuel,2024-11-12,612.96
FUEL00137124,DLV00081126,Fuel,2024-11-07,512.71
FUEL00137180,DLV00082236,Fuel,2024-11-21,348.26
FUEL00137495,DLV00081447,Fuel,2024-11-12,466.81
FUEL00137720,DLV00081356,Fuel,2024-11-11,764.12
FUEL00138111,DLV00081773,Fuel,2024-11-15,220.25
FUEL00138120,DLV00082593,Fuel,2024-11-26,644.41
FUEL00139218,DLV00081931,Fuel,2024-11-18,560.52
FUEL00139280,DLV00082670,Fuel,2024-11-27,262.05
FUEL00139432,DLV00083869,Fuel,2024-12-11,665.41
FUEL00139526,DLV00084241,Fuel,2024-12-18,249.94
FUEL00139552,DLV00085028,Fuel,2024-12-27,363.37
FUEL00139736,DLV00084388,Fuel,2024-12-18,660.04
FUEL00139785,DLV00083553,Fuel,2024-12-08,644.91
FUEL00140050,DLV00084922,Fuel,2024-12-26,595.47
FUEL00140274,DLV00083449,Fuel,2024-12-05,437.58
FUEL00140744,DLV00085291,Fuel,2024-12-31,428.61
FUEL00140765,DLV00081047,Fuel,2024-11-07,691.49
FUEL00140779,DLV00081091,Fuel,2024-11-06,242.81
FUEL00141069,DLV00082286,Fuel,2024-11-22,568.39
FUEL00141188,DLV00080957,Fuel,2024-11-06,218.88
FUEL00141745,DLV00081044,Fuel,2024-11-07,650.02
FUEL00142246,DLV00082386,Fuel,2024-11-24,720.2
FUEL00142923,DLV00084611,Fuel,2024-12-23,323.69
FUEL00143143,DLV00082386,Fuel,2024-11-23,326.52
FUEL00143164,DLV00081419,Fuel,2024-11-10,560.57
FUEL00144512,DLV00083545,Fuel,2024-12-08,420.88
FUEL00144825,DLV00081848,Fuel,2024-11-17,267.03
FUEL00144851,DLV00081965,Fuel,2024-11-16,417.39
FUEL00145381,DLV00085293,Fuel,2024-12-31,244.97
FUEL00145478,DLV00081104,Fuel,2024-11-07,656.68
FUEL00145965,DLV00084512,Fuel,2024-12-20,417.16
FUEL00146269,DLV00081428,Fuel,2024-11-12,469.56
FUEL00146410,DLV00083368,Fuel,2024-12-07,230.21
FUEL00146539,DLV00083477,Fuel,2024-12-08,476.73
FUEL00146605,DLV00084830,Fuel,2024-12-25,237.61
FUEL00147055,DLV00081837,Fuel,2024-11-15,347.16
FUEL00147450,DLV00083996,Fuel,2024-12-15,298.31
FUEL00147473,DLV00083894,Fuel,2024-12-11,220.7
FUEL00147568,DLV00081000,Fuel,2024-11-05,622.15
FUEL00147962,DLV00083808,Fuel,2024-12-11,486.15
FUEL00148156,DLV00082916,Fuel,2024-11-30,268.95
FUEL00148671,DLV00081575,Fuel,2024-11-14,504.71
FUEL00149013,DLV00083654,Fuel,2024-12-09,597
FUEL00149366,DLV00081117,Fuel,2024-11-06,595.56
FUEL00149634,DLV00083703,Fuel,2024-12-11,270.1
FUEL00149917,DLV00084282,Fuel,2024-12-19,648.82
FUEL00149972,DLV00085124,Fuel,2024-12-30,342.85
FUEL00150208,DLV00084287,Fuel,2024-12-17,225.05
FUEL00150422,DLV00082286,Fuel,2024-11-21,293.88
FUEL00150748,DLV00081965,Fuel,2024-11-16,554.12
FUEL00151202,DLV00083894,Fuel,2024-12-13,506
FUEL00151778,DLV00081735,Fuel,2024-11-13,469.27
FUEL00151827,DLV00082166,Fuel,2024-11-21,444.32
FUEL00152080,DLV00082929,Fuel,2024-11-29,208.55
FUEL00152215,DLV00083793,Fuel,2024-12-12,364.77
FUEL00152712,DLV00081394,Fuel,2024-11-11,599.96
FUEL00153075,DLV00082929,Fuel,2024-11-30,407.45
FUEL00153130,DLV00083638,Fuel,2024-12-10,570.47
FUEL00153481,DLV00084241,Fuel,2024-12-18,437.15
FUEL00153566,DLV00083368,Fuel,2024-12-05,654.39
FUEL00153728,DLV00082907,Fuel,2024-12-02,686.71
FUEL00154498,DLV00081646,Fuel,2024-11-13,589.81
FUEL00154577,DLV00081091,Fuel,2024-11-07,191.83
FUEL00154596,DLV00082070,Fuel,2024-11-19,324
FUEL00154944,DLV00081381,Fuel,2024-11-09,337.82
FUEL00154995,DLV00081575,Fuel,2024-11-14,587.8
FUEL00155138,DLV00084074,Fuel,2024-12-16,755.71
FUEL00155148,DLV00081000,Fuel,2024-11-06,586.48
FUEL00155768,DLV00084849,Fuel,2024-12-25,366.07
FUEL00155822,DLV00080926,Fuel,2024-11-03,459.61
FUEL00156194,DLV00081224,Fuel,2024-11-08,622.86
FUEL00156638,DLV00083320,Fuel,2024-12-04,508.19
FUEL00157102,DLV00084848,Fuel,2024-12-26,419.63
FUEL00158202,DLV00081348,Fuel,2024-11-09,218.78
FUEL00158587,DLV00085080,Fuel,2024-12-28,278.28
FUEL00158629,DLV00082792,Fuel,2024-11-27,313.55
FUEL00158687,DLV00085080,Fuel,2024-12-27,618.23
FUEL00158787,DLV00084906,Fuel,2024-12-26,668.13
FUEL00159286,DLV00081047,Fuel,2024-11-07,594.33
FUEL00159938,DLV00081972,Fuel,2024-11-18,553.89
FUEL00160452,DLV00084926,Fuel,2024-12-26,215.77
FUEL00160618,DLV00081224,Fuel,2024-11-07,677.61
FUEL00160976,DLV00082236,Fuel,2024-11-21,607.01
FUEL00161178,DLV00081677,Fuel,2024-11-14,235.01
FUEL00161241,DLV00081419,Fuel,2024-11-12,494.54
FUEL00161537,DLV00083299,Fuel,2024-12-04,410.62
FUEL00162037,DLV00081848,Fuel,2024-11-17,232.77
FUEL00162134,DLV00081118,Fuel,2024-11-08,636.71
FUEL00162281,DLV00082236,Fuel,2024-11-21,276
FUEL00162485,DLV00082220,Fuel,2024-11-20,615.01
FUEL00163121,DLV00083829,Fuel,2024-12-11,621.4
FUEL00163703,DLV00083987,Fuel,2024-12-12,447.74
FUEL00163861,DLV00082929,Fuel,2024-11-29,206.89
FUEL00163869,DLV00082934,Fuel,2024-11-29,357.11
FUEL00163898,DLV00081603,Fuel,2024-11-12,237.61
FUEL00163932,DLV00084714,Fuel,2024-12-23,312.06
FUEL00163935,DLV00081837,Fuel,2024-11-16,496.27
FUEL00163953,DLV00085075,Fuel,2024-12-28,727.22
FUEL00164122,DLV00080785,Fuel,2024-11-02,611.55
FUEL00164617,DLV00084413,Fuel,2024-12-19,457.56
FUEL00165053,DLV00084841,Fuel,2024-12-25,556.92
FUEL00165293,DLV00081566,Fuel,2024-11-12,503.33
FUEL00165305,DLV00085283,Fuel,2025-01-01,647.29
FUEL00165657,DLV00085124,Fuel,2024-12-28,197.47
FUEL00166441,DLV00081576,Fuel,2024-11-13,588.25
FUEL00166509,DLV00084437,Fuel,2024-12-21,430.53
FUEL00166734,DLV00081566,Fuel,2024-11-12,471.93
FUEL00167311,DLV00081874,Fuel,2024-11-16,635.2
FUEL00167340,DLV00081195,Fuel,2024-11-07,216.04
FUEL00167391,DLV00084383,Fuel,2024-12-20,638.33
FUEL00167619,DLV00082286,Fuel,2024-11-22,361.92
FUEL00167693,DLV00083259,Fuel,2024-12-05,370.04
FUEL00168214,DLV00084287,Fuel,2024-12-18,413.57
FUEL00168509,DLV00081387,Fuel,2024-11-10,682.83
FUEL00168909,DLV00081393,Fuel,2024-11-11,471.59
FUEL00169153,DLV00081082,Fuel,2024-11-06,336.27
FUEL00170023,DLV00083793,Fuel,2024-12-12,732.2
FUEL00170055,DLV00085267,Fuel,2025-01-01,421.13
FUEL00170456,DLV00084985,Fuel,2024-12-27,606.83
FUEL00170679,DLV00081929,Fuel,2024-11-16,418.58
FUEL00170905,DLV00085124,Fuel,2024-12-28,535.6
FUEL00171087,DLV00084849,Fuel,2024-12-26,393.76
FUEL00171095,DLV00083868,Fuel,2024-12-13,287.19
FUEL00171742,DLV00082024,Fuel,2024-11-19,483.61
FUEL00172064,DLV00085080,Fuel,2024-12-30,301.37
FUEL00172119,DLV00082543,Fuel,2024-11-25,279.68
FUEL00172364,DLV00081381,Fuel,2024-11-11,190.72
FUEL00172718,DLV00083019,Fuel,2024-12-03,264.86
FUEL00172969,DLV00085185,Fuel,2024-12-31,269
FUEL00173644,DLV00085108,Fuel,2024-12-28,210.15
FUEL00173710,DLV00085108,Fuel,2024-12-28,298.27
FUEL00173917,DLV00083368,Fuel,2024-12-06,636.95
FUEL00174161,DLV00081491,Fuel,2024-11-12,447.41
FUEL00174162,DLV00081503,Fuel,2024-11-12,442.08
FUEL00174764,DLV00083958,Fuel,2024-12-14,465.46
FUEL00175510,DLV00081735,Fuel,2024-11-15,340.68
FUEL00175538,DLV00083290,Fuel,2024-12-03,554.82
FUEL00175545,DLV00082945,Fuel,2024-11-29,610.05
FUEL00175558,DLV00083040,Fuel,2024-11-30,474.75
FUEL00176179,DLV00084074,Fuel,2024-12-14,327.2
FUEL00176441,DLV00081323,Fuel,2024-11-10,325.54
FUEL00176641,DLV00084383,Fuel,2024-12-18,553.63
FUEL00176949,DLV00082068,Fuel,2024-11-17,245.47
FUEL00177474,DLV00084716,Fuel,2024-12-22,435.67
FUEL00177756,DLV00081001,Fuel,2024-11-04,388.63
FUEL00177904,DLV00081713,Fuel,2024-11-15,512.89
FUEL00178498,DLV00085399,Fuel,2025-01-01,672.05
FUEL00178958,DLV00081428,Fuel,2024-11-10,307.21
FUEL00179061,DLV00083413,Fuel,2024-12-05,679.01
FUEL00179073,DLV00083215,Fuel,2024-12-04,240.25
FUEL00179250,DLV00083748,Fuel,2024-12-10,498.81
FUEL00179752,DLV00082309,Fuel,2024-11-21,354.57
FUEL00179844,DLV00081123,Fuel,2024-11-07,344.01
FUEL00179850,DLV00084322,Fuel,2024-12-17,669.83
FUEL00180104,DLV00083331,Fuel,2024-12-06,565.2
FUEL00180131,DLV00080848,Fuel,2024-11-03,210.84
FUEL00180169,DLV00083396,Fuel,2024-12-06,669.64
FUEL00180280,DLV00082710,Fuel,2024-11-26,770.58
FUEL00181298,DLV00082543,Fuel,2024-11-25,498.75
FUEL00181977,DLV00081985,Fuel,2024-11-18,218.4
FUEL00182161,DLV00084801,Fuel,2024-12-23,734.71
FUEL00182575,DLV00081091,Fuel,2024-11-07,267.11
FUEL00182897,DLV00083092,Fuel,2024-12-02,523.25
FUEL00182907,DLV00082543,Fuel,2024-11-26,291.12
FUEL00183485,DLV00084377,Fuel,2024-12-20,676.85
FUEL00183565,DLV00085309,Fuel,2025-01-01,447.33
FUEL00183940,DLV00080931,Fuel,2024-11-05,427.79
FUEL00184165,DLV00081047,Fuel,2024-11-07,669.2
FUEL00184181,DLV00084985,Fuel,2024-12-27,329.79
FUEL00184302,DLV00081448,Fuel,2024-11-12,303.56
FUEL00184333,DLV00084372,Fuel,2024-12-19,471.18
FUEL00184353,DLV00081646,Fuel,2024-11-12,345.09
FUEL00184556,DLV00080864,Fuel,2024-11-04,211.32
FUEL00184603,DLV00083477,Fuel,2024-12-06,187.88
FUEL00184993,DLV00084074,Fuel,2024-12-16,471.79
FUEL00185414,DLV00084852,Fuel,2024-12-26,416.17
FUEL00185822,DLV00082030,Fuel,2024-11-17,460.41
FUEL00186030,DLV00083959,Fuel,2024-12-14,490.7
FUEL00186429,DLV00081590,Fuel,2024-11-14,543.01
FUEL00186633,DLV00082593,Fuel,2024-11-25,668.54
FUEL00186663,DLV00082563,Fuel,2024-11-25,403.76
FUEL00187206,DLV00083894,Fuel,2024-12-11,621.27
FUEL00188012,DLV00084437,Fuel,2024-12-19,274.17
FUEL00188140,DLV00084849,Fuel,2024-12-26,617.06
FUEL00188801,DLV00085267,Fuel,2024-12-31,728.83
FUEL00188866,DLV00081118,Fuel,2024-11-06,472.74
FUEL00188933,DLV00081713,Fuel,2024-11-14,641.35
FUEL00189271,DLV00083393,Fuel,2024-12-07,537.7
FUEL00189974,DLV00081032,Fuel,2024-11-06,564.07
FUEL00190178,DLV00081931,Fuel,2024-11-17,747.86
FUEL00190219,DLV00082886,Fuel,2024-11-30,530.04
FUEL00190303,DLV00081832,Fuel,2024-11-14,581.88
FUEL00190448,DLV00081091,Fuel,2024-11-07,546.45
FUEL00190648,DLV00080785,Fuel,2024-11-03,670.84
FUEL00190718,DLV00081643,Fuel,2024-11-12,450.11
FUEL00191003,DLV00082097,Fuel,2024-11-20,608.78
FUEL00191536,DLV00081106,Fuel,2024-11-05,303.02
FUEL00191539,DLV00081794,Fuel,2024-11-16,773.68
FUEL00191905,DLV00084766,Fuel,2024-12-24,357.73
FUEL00191942,DLV00081195,Fuel,2024-11-08,544.8
FUEL00192083,DLV00082359,Fuel,2024-11-21,429.44
FUEL00192170,DLV00084906,Fuel,2024-12-26,409.81
FUEL00192615,DLV00083903,Fuel,2024-12-13,239.92
FUEL00192652,DLV00081621,Fuel,2024-11-12,677.5
FUEL00192692,DLV00082689,Fuel,2024-11-27,215.87
FUEL00193009,DLV00080926,Fuel,2024-11-05,361.08
FUEL00193939,DLV00084383,Fuel,2024-12-20,497.86
FUEL00195393,DLV00082578,Fuel,2024-11-26,432.85
FUEL00195496,DLV00084413,Fuel,2024-12-20,404.41
FUEL00195816,DLV00080939,Fuel,2024-11-05,464.65
